{"cameraMode":{"drawMode":0,"name":"Shaded","section":"Shading Mode"},"sceneLighting":false,"audioPlay":false,"sceneViewState":{"m_AlwaysRefresh":false,"showFog":true,"showSkybox":false,"showFlares":true,"showImageEffects":true,"showParticleSystems":true,"showVisualEffectGraphs":true,"m_FxEnabled":true},"in2DMode":false,"pivot":{"x":0.09298890829086304,"y":1.3950378894805909,"z":2.733955144882202},"rotation":{"x":-0.35973307490348818,"y":-0.48747745156288149,"z":0.23027971386909486,"w":-0.7615378499031067},"size":0.6148780584335327,"orthographic":false}