{"cameraMode":{"drawMode":0,"name":"Shaded","section":"Shading Mode"},"sceneLighting":true,"audioPlay":false,"sceneViewState":{"m_AlwaysRefresh":false,"showFog":true,"showSkybox":true,"showFlares":true,"showImageEffects":true,"showParticleSystems":true,"showVisualEffectGraphs":true,"m_FxEnabled":true},"in2DMode":false,"pivot":{"x":-11.649999618530274,"y":-1.3899998664855958,"z":-14.220000267028809},"rotation":{"x":-0.08702865242958069,"y":-0.06243795529007912,"z":0.005460367538034916,"w":-0.9942439794540405},"size":7.2385101318359379,"orthographic":false}