{"cameraMode":{"drawMode":0,"name":"Shaded","section":"Shading Mode"},"sceneLighting":false,"audioPlay":false,"sceneViewState":{"m_AlwaysRefresh":false,"showFog":true,"showSkybox":false,"showFlares":true,"showImageEffects":true,"showParticleSystems":true,"showVisualEffectGraphs":true,"m_FxEnabled":true},"in2DMode":false,"pivot":{"x":-1.9575350284576417,"y":2.5892045497894289,"z":4.856207847595215},"rotation":{"x":-0.27631524205207827,"y":-0.18254531919956208,"z":0.053546350449323657,"w":-0.9420566558837891},"size":5.905392169952393,"orthographic":false}